Original_names,Freq,Updated_names,Genus_level,Genus,Coral_type
pocillopora_damicornis,49,pocillopora_damicornis,y,pocillopora,hard_coral
sinularia_flexibilis,47,sclerophytum_flexibile,y,sclerophytum,soft_coral
junceella_fragilis,43,junceella_fragilis,y,junceella,soft_coral
stylophora_pistillata,36,stylophora_pistillata,y,stylophora,hard_coral
porites_sp,35,porites_sp,y,porites,hard_coral
briareum_excavatum,28,briareum_stechei,y,briareum,soft_coral
lobophytum_crassum,26,lobophytum_crassum,y,lobophytum,soft_coral
acropora_muricata,25,acropora_muricata,y,acropora,hard_coral
euphyllia_glabrescens,25,euphyllia_glabrescens,y,euphyllia,hard_coral
porites_lutea,25,porites_lutea,y,porites,hard_coral
seriatopora_caliendrum,25,seriatopora_caliendrum,y,seriatopora,hard_coral
euphyllia_ancora,22,fimbriaphyllia_ancora,y,fimbriaphyllia,hard_coral
isopora_palifera,21,isopora_palifera,y,isopora,hard_coral
junceella_juncea,21,junceella_juncea,y,junceella,soft_coral
rumphella_antipathies,21,rumphella_antipathies,y,rumphella,soft_coral
acropora_sp,20,acropora_sp,y,acropora,hard_coral
seriatopora_hystrix,20,seriatopora_hystrix,y,seriatopora,hard_coral
goniopora_columna,18,goniopora_columna,y,goniopora,hard_coral
sinularia_sp,18,sinularia_sp,y,sinularia,soft_coral
acropora_hyacinthus,16,acropora_hyacinthus,y,acropora,hard_coral
galaxea_fascicularis,15,galaxea_fascicularis,y,galaxea,hard_coral
montipora_aequituberculata,15,montipora_aequituberculata,y,montipora,hard_coral
paralemnalia_thyrsoides,15,paralemnalia_thyrsoides,y,paralemnalia,soft_coral
acropora_spp,14,acropora_spp,y,acropora,hard_coral
porites_lobata,14,porites_lobata,y,porites,hard_coral
pocillopora_acuta,13,pocillopora_acuta,y,pocillopora,hard_coral
pocillopora_verrucosa,13,pocillopora_verrucosa,y,pocillopora,hard_coral
sarcophyton_crassocaule,13,sarcophyton_crassocaule,y,sarcophyton,soft_coral
cladiella_australis,12,cladiella_australis,y,cladiella,soft_coral
pinnigorgia_sp,12,pinnigorgia_sp,y,pinnigorgia,soft_coral
sinularia_leptoclados,12,sclerophytum_leptoclados,y,sclerophytum,soft_coral
oulastrea_crispata,11,oulastrea_crispata,y,oulastrea,hard_coral
sinularia_gibberosa,11,sclerophytum_gibberosum,y,sclerophytum,soft_coral
acropora_humilis,10,acropora_humilis,y,acropora,hard_coral
acropora_valida,10,acropora_valida,y,acropora,hard_coral
briareum_sp,10,briareum_sp,y,briareum,soft_coral
favites_abdita,10,favites_abdita,y,favites,hard_coral
isis_hippuris,10,isis_hippuris,y,isis,soft_coral
klyxum_simplex,10,klyxum_simplex,y,klyxum,soft_coral
nephthea_erecta,10,litophyton_erectum,y,litophyton,soft_coral
platygyra_sinensis,10,platygyra_sinensis,y,platygyra,hard_coral
acropora_digitifera,9,acropora_digitifera,y,acropora,hard_coral
cespitularia_hypotentaculata,9,cespitularia_hypotentaculata,y,cespitularia,soft_coral
clavularia_viridis,9,clavularia_viridis,y,clavularia,soft_coral
favites_pentagona,9,favites_pentagona,y,favites,hard_coral
heliopora_coerulea,9,heliopora_coerulea,y,heliopora,soft_coral
hydnophora_exesa,9,hydnophora_exesa,y,hydnophora,hard_coral
montipora_sp,9,montipora_sp,y,montipora,hard_coral
nephthea_chabrolii,9,litophyton_chabrolii,y,litophyton,soft_coral
porites_spp,9,porites_spp,y,porites,hard_coral
sarcophyton_trocheliophorum,9,sarcophyton_trocheliophorum,y,sarcophyton,soft_coral
sinularia_lochmodes,9,sclerophytum_leptoclados,y,sclerophytum,soft_coral
acropora_gemmifera,8,acropora_gemmifera,y,acropora,hard_coral
astreopora_myriophthalma,8,astreopora_myriophthalma,y,astreopora,hard_coral
capnella_imbricata,8,capnella_imbricata,y,capnella,soft_coral
dipsastraea_speciosa,8,dipsastraea_speciosa,y,dipsastraea,hard_coral
ellisella_robusta,8,ellisella_robusta,y,ellisella,soft_coral
favia_favus,8,dipsastraea_favus,y,dipsastraea,hard_coral
montipora_cactus,8,montipora_cactus,y,montipora,hard_coral
pocillopora_spp,8,pocillopora_spp,y,pocillopora,hard_coral
subergorgia_suberosa,8,subergorgia_suberosa,y,subergorgia,soft_coral
acropora_tenuis,7,acropora_tenuis,y,acropora,hard_coral
briareum_violacea,7,briareum_violaceum,y,briareum,soft_coral
briareum_violaceum,7,briareum_violaceum,y,briareum,soft_coral
cyphastrea_chalcidicum,7,cyphastrea_chalcidicum,y,cyphastrea,hard_coral
mycedium_elephantotus,7,mycedium_elephantotus,y,mycedium,hard_coral
pocillopora_sp,7,pocillopora_sp,y,pocillopora,hard_coral
sinularia_nanolobata,7,sclerophytum_nanolobatum,y,sclerophytum,soft_coral
sinularia_querciformis,7,sclerophytum_querciforme,y,sclerophytum,soft_coral
acropora_intermedia,6,acropora_intermedia,y,acropora,hard_coral
briareum_stechei,6,briareum_stechei,y,briareum,soft_coral
cespitularia_taeniata,6,conglomeratusclera_coerulea,y,conglomeratusclera,soft_coral
echinopora_lamellosa,6,echinopora_lamellosa,y,echinopora,hard_coral
fimbriaphyllia_ancora,6,fimbriaphyllia_ancora,y,fimbriaphyllia,hard_coral
klyxum_flaccidum,6,klyxum_flaccidum,y,klyxum,soft_coral
lemnalia_cervicorni,6,lemnalia_cervicorni,y,lemnalia,soft_coral
leptoria_phrygia,6,leptoria_phrygia,y,leptoria,hard_coral
pavona_decussata,6,pavona_decussata,y,pavona,hard_coral
pavona_sp,6,pavona_sp,y,pavona,hard_coral
platygyra_verweyi,6,platygyra_verweyi,y,platygyra,hard_coral
sarcophyton_ehrenbergi,6,sarcophyton_ehrenbergi,y,sarcophyton,soft_coral
tubastraea_coccinea,6,tubastraea_coccinea,y,tubastraea,hard_coral
acanthastrea_echinata,5,acanthastrea_echinata,y,acanthastrea,hard_coral
acropora_formosa,5,acropora_muricata,y,acropora,hard_coral
acropora_nana,5,acropora_nana,y,acropora,hard_coral
acropora_solitaryensis,5,acropora_solitaryensis,y,acropora,hard_coral
cladiella_hirsuta,5,cladiella_hirsuta,y,cladiella,soft_coral
clavularia_inflata,5,clavularia_inflata,y,clavularia,soft_coral
echinophyllia_aspera,5,echinophyllia_aspera,y,echinophyllia,hard_coral
echinopora_gemmacea,5,echinopora_gemmacea,y,echinopora,hard_coral
echinopora_sp,5,echinopora_sp,y,echinopora,hard_coral
euphyllia_paraancora,5,fimbriaphyllia_paraancora,y,fimbriaphyllia,hard_coral
lithophyllon_undulatum,5,lithophyllon_undulatum,y,lithophyllon,hard_coral
lobophytum_durum,5,lobophytum_durum,y,lobophytum,soft_coral
menella_sp,5,menella_sp,y,menella,soft_coral
pavona_cactus,5,pavona_cactus,y,pavona,hard_coral
platygyra_ryukyuensis,5,platygyra_ryukyuensis,y,platygyra,hard_coral
sarcophyton_glaucum,5,sarcophyton_glaucum,y,sarcophyton,soft_coral
sinularia_numerosa,5,sclerophytum_numerosum,y,sclerophytum,soft_coral
sinularia_sandensis,5,sclerophytum_sandense,y,sclerophytum,soft_coral
xenia_umbellata,5,xenia_umbellata,y,xenia,soft_coral
acropora_palifera,4,acropora_palifera,y,acropora,hard_coral
asterospricularia_laurae,4,asterospricularia_laurae,y,asterospricularia,soft_coral
cladiella_krempfi,4,cladiella_krempfi,y,cladiella,soft_coral
cladiella_sp,4,cladiella_sp,y,cladiella,soft_coral
cyphastrea_microphthalma,4,cyphastrea_microphthalma,y,cyphastrea,hard_coral
cyphastrea_sp,4,cyphastrea_sp,y,cyphastrea,hard_coral
echinomuricea_sp,4,echinomuricea_sp,y,echinomuricea,hard_coral
echinophyllia_orpheensis,4,echinophyllia_orpheensis,y,echinophyllia,hard_coral
favites_sp,4,favites_sp,y,favites,hard_coral
galaxea_sp,4,galaxea_sp,y,galaxea,hard_coral
goniastrea_aspera,4,goniastrea_aspera,y,goniastrea,hard_coral
goniastrea_retiformis,4,goniastrea_retiformis,y,goniastrea,hard_coral
goniopora_sp,4,goniopora_sp,y,goniopora,hard_coral
hydnophora_rigida,4,hydnophora_rigida,y,hydnophora,hard_coral
isopora_sp,4,isopora_sp,y,isopora,hard_coral
klyxum_molle,4,klyxum_molle,y,klyxum,soft_coral
lobophyllia_hemprichii,4,lobophyllia_hemprichii,y,lobophyllia,hard_coral
lobophytum_sp,4,lobophytum_sp,y,lobophytum,soft_coral
merulina_ampliata,4,merulina_ampliata,y,merulina,hard_coral
montipora_efflorescens,4,montipora_efflorescens,y,montipora,hard_coral
montipora_undata,4,montipora_undata,y,montipora,hard_coral
pavona_venosa,4,pavona_venosa,y,pavona,hard_coral
pocillopora_eydouxi,4,pocillopora_grandis,y,pocillopora,hard_coral
porites_cylindrica,4,porites_cylindrica,y,porites,hard_coral
sarcophyton_sp,5,sarcophyton_sp,y,sarcophyton,soft_coral
sinularia_capillosa,4,sclerophytum_capillosum,y,sclerophytum,soft_coral
sinularia_crassa,4,sclerophytum_crassum,y,sclerophytum,soft_coral
sinularia_gaweli,4,sclerophytum_gaweli,y,sclerophytum,soft_coral
sinularia_gyrosa,4,sclerophytum_gyrosum,y,sclerophytum,soft_coral
sinularia_manaarensis,4,sclerophytum_manaarense,y,sclerophytum,soft_coral
sinularia_scabra,4,sclerophytum_scabrum,y,sclerophytum,soft_coral
stylophora_sp,4,stylophora_sp,y,stylophora,hard_coral
acropora_aspera,3,acropora_aspera,y,acropora,hard_coral
acropora_cytherea,3,acropora_cytherea,y,acropora,hard_coral
acropora_glauca,3,acropora_glauca,y,acropora,hard_coral
acropora_millepora,3,acropora_millepora,y,acropora,hard_coral
acropora_nasuta,3,acropora_nasuta,y,acropora,hard_coral
acropora_pulchra,3,acropora_pulchra,y,acropora,hard_coral
acropora_selago,3,acropora_selago,y,acropora,hard_coral
alcyonium_sp,3,alcyonium_sp,y,alcyonium,soft_coral
coralliidae_spp,3,coralliidae_spp,n,NA,soft_coral
dipsastraea_pallida,3,dipsastraea_pallida,y,dipsastraea,hard_coral
dipsastraea_sp,3,dipsastraea_sp,y,dipsastraea,hard_coral
euphyllia_divisa,3,fimbriaphyllia_divisa,y,fimbriaphyllia,hard_coral
favia_sp,3,dipsastraea_sp,y,dipsastraea,hard_coral
favia_speciosa,3,dipsastraea_speciosa,y,dipsastraea,hard_coral
favia_stelligera,3,goniastrea_stelligera,y,goniastrea,hard_coral
faviidae,3,faviidae,n,NA,hard_coral
favites_chinensis,3,favites_chinensis,y,favites,hard_coral
favites_halicora,3,favites_halicora,y,favites,hard_coral
fungia_fungites,3,fungia_fungites,y,fungia,hard_coral
fungia_scruposa,3,danafungia_scruposa,y,danafungia,hard_coral
goniastrea_edwardsi,3,goniastrea_edwardsi,y,goniastrea,hard_coral
goniastrea_sp,3,goniastrea_sp,y,goniastrea,hard_coral
lemnalia_flava,3,lemnalia_flava,y,lemnalia,soft_coral
lobophytum_michaelae,3,lobophytum_michaelae,y,lobophytum,soft_coral
melithaea_ochracea,3,melithaea_ochracea,y,melithaea,soft_coral
nephthea_columnaris,3,litophyton_columnaris,y,litophyton,soft_coral
oxypora_lacera,3,oxypora_lacera,y,oxypora,hard_coral
pachyclavularia_violacea,3,briareum_violaceum,y,briareum,soft_coral
pachyseris_sp,3,pachyseris_sp,y,pachyseris,hard_coral
paraminabea_acronocephala,3,paraminabea_acronocephala,y,paraminabea,soft_coral
pavona_spp,3,pavona_spp,y,pavona,hard_coral
pavona_frondifera,3,pavona_frondifera,y,pavona,hard_coral
platygyra_daedalea,3,platygyra_daedalea,y,platygyra,hard_coral
platygyra_sp,3,platygyra_sp,y,platygyra,hard_coral
plesiastrea_versipora,3,plesiastrea_versipora,y,plesiastrea,hard_coral
polycyathus_chaishanensis,3,polycyathus_chaishanensis,y,polycyathus,hard_coral
porites_lichen,3,porites_lichen,y,porites,hard_coral
porites_nigrescens,3,porites_nigrescens,y,porites,hard_coral
psammocora_contigua,3,psammocora_contigua,y,psammocora,hard_coral
pseudosiderastrea_formosa,3,pseudosiderastrea_formosa,y,pseudosiderastrea,hard_coral
sarcophyton_cherbonnieri,3,sarcophyton_cherbonnieri,y,sarcophyton,soft_coral
sarcophyton_cinereum,3,sarcophyton_cinereum,y,sarcophyton,soft_coral
sarcophyton_tortuosum,3,sarcophyton_tortuosum,y,sarcophyton,soft_coral
scleronephthya_gracillimum,3,scleronephthya_gracillima,y,scleronephthya,soft_coral
sinularia_arborea,3,sclerophytum_arboreum,y,sclerophytum,soft_coral
sinularia_brassica,3,sinularia_brassica,y,sinularia,soft_coral
sinularia_grandilobata,3,sclerophytum_grandilobatum,y,sclerophytum,soft_coral
sinularia_granosa,3,sclerophytum_granosum,y,sclerophytum,soft_coral
stylocoeniella_guentheri,3,stylocoeniella_guentheri,y,stylocoeniella,hard_coral
symphyllia_radians,3,lobophyllia_radians,y,lobophyllia,hard_coral
tubastraea_aurea,3,tubastraea_aurea,y,tubastraea,hard_coral
turbinaria_mesenterina,3,turbinaria_mesenterina,y,turbinaria,hard_coral
turbinaria_sp,3,turbinaria_sp,y,turbinaria,hard_coral
xenia_sp,3,xenia_sp,y,xenia,soft_coral
acanthogorgia_vegae,2,acanthogorgia_vegae,y,acanthogorgia,soft_coral
acropora_anthocercis,2,acropora_anthocercis,y,acropora,hard_coral
acropora_cervicornis,2,acropora_cervicornis,y,acropora,hard_coral
acropora_grandis,2,acropora_grandis,y,acropora,hard_coral
acropora_microphthalma,2,acropora_microphthalma,y,acropora,hard_coral
acropora_monticulosa,2,acropora_monticulosa,y,acropora,hard_coral
acropora_robusta,2,acropora_robusta,y,acropora,hard_coral
acropora_secale,2,acropora_secale,y,acropora,hard_coral
acropora_tumida,2,acropora_tumida,y,acropora,hard_coral
acroporidae,2,acroporidae,n,NA,hard_coral
aldersladum_jengi,2,aldersladum_jengi,y,aldersladum,soft_coral
alveopora_japonica,2,alveopora_japonica,y,alveopora,hard_coral
alveopora_sp,2,alveopora_sp,y,alveopora,hard_coral
asterospicularia_laurae,2,asterospicularia_laurae,y,asterospicularia,soft_coral
astrea_curta,2,astrea_curta,y,astrea,hard_coral
astreopora_explanata,2,astreopora_explanata,y,astreopora,hard_coral
astreopora_sp,2,astreopora_sp,y,astreopora,hard_coral
cespitularia_sp,2,cespitularia_sp,y,cespitularia,soft_coral
cladiella_conifera,2,cladiella_conifera,y,cladiella,soft_coral
cladiella_kashmani,2,cladiella_kashmani,y,cladiella,soft_coral
clavularia_spp,2,clavularia_spp,y,clavularia,soft_coral
coelastrea_aspera,2,coelastrea_aspera,y,coelastrea,hard_coral
coscinaraea_columna,2,psammocora_columna,y,psammocora,hard_coral
cyphastrea_serailia,2,cyphastrea_serailia,y,cyphastrea,hard_coral
deltocyathus_magnificus,2,dennantotrochus_magnificus,y,dennantotrochus,hard_coral
dendronephthya_sp,2,dendronephthya_sp,y,dendronephthya,soft_coral
diploastrea_heliopora,2,diploastrea_heliopora,y,diploastrea,hard_coral
dipsastraea_lizardensis,2,dipsastraea_lizardensis,y,dipsastraea,hard_coral
echinopora_spp,2,echinopora_spp,y,echinopora,hard_coral
euphyllia_sp,2,euphyllia_sp,y,euphyllia,hard_coral
favia_maxima,2,astraeosmilia_maxima,y,astraeosmilia,hard_coral
favites_complanata,2,favites_complanata,y,favites,hard_coral
favites_flexuosa,2,favites_flexuosa,y,favites,hard_coral
favites_magnistellata,2,favites_magnistellata,y,favites,hard_coral
fungia_concinna,2,lithophyllon_concinna,y,lithophyllon,hard_coral
fungia_paumotensis,2,pleuractis_paumotensis,y,pleuractis,hard_coral
fungia_repanda,2,lithophyllon_repanda,y,lithophyllon,hard_coral
fungia_scutaria,2,lobactis_scutaria,y,lobactis,hard_coral
fungiacyathus_stephanus,2,fungiacyathus_stephanus,y,fungiacyathus,hard_coral
galaxea_astreata,2,galaxea_astreata,y,galaxea,hard_coral
goniopora_djiboutiensis,2,goniopora_djiboutiensis,y,goniopora,hard_coral
heliopora_sp,2,heliopora_sp,y,heliopora,soft_coral
hydnophora_sp,2,hydnophora_sp,y,hydnophora,hard_coral
lemnalia_philippinensis,2,lemnalia_philippinensis,y,lemnalia,soft_coral
leptastrea_purpurea,2,leptastrea_purpurea,y,leptastrea,hard_coral
leptastrea_sp,2,leptastrea_sp,y,leptastrea,hard_coral
leptoria_sp,2,leptoria_sp,y,leptoria,hard_coral
leptoseris_mycetoseroides,2,leptoseris_mycetoseroides,y,leptoseris,hard_coral
lobophyllia_corymbosa,2,lobophyllia_corymbosa,y,lobophyllia,hard_coral
lobophytum_hsiehi,2,lobophytum_hsiehi,y,lobophytum,soft_coral
lobophytum_pauciflorum,2,lobophytum_pauciflorum,y,lobophytum,soft_coral
lobophytum_sarcophytoides,2,lobophytum_sarcophytoides,y,lobophytum,soft_coral
lobophytum_varium,2,lobophytum_varium,y,lobophytum,soft_coral
montastrea_curta,2,astrea_curta,y,astrea,hard_coral
montastrea_valenciennesi,2,favites_valenciennesii,y,favites,hard_coral
montipora_capitata,2,montipora_capitata,y,montipora,hard_coral
montipora_digitata,2,montipora_digitata,y,montipora,hard_coral
montipora_hispida,2,montipora_hispida,y,montipora,hard_coral
montipora_peltiformis,2,montipora_peltiformis,y,montipora,hard_coral
montipora_spongodes,2,montipora_spongodes,y,montipora,hard_coral
montipora_spp,2,montipora_spp,y,montipora,hard_coral
montipora_stellata,2,montipora_stellata,y,montipora,hard_coral
montipora_verrucosa,2,montipora_verrucosa,y,montipora,hard_coral
nephthea_brassica,2,litophyton_brassicum,y,litophyton,soft_coral
nephthea_chabroli,2,litophyton_chabrolii,y,litophyton,soft_coral
nephthea_elongata,2,litophyton_elongatum,y,litophyton,soft_coral
oxypora_sp,2,oxypora_sp,y,oxypora,hard_coral
pachyseris_speciosa,2,pachyseris_speciosa,y,pachyseris,hard_coral
pavona_explanulata,2,pavona_explanulata,y,pavona,hard_coral
pavona_varians,2,pavona_varians,y,pavona,hard_coral
platygyra_pini,2,platygyra_pini,y,platygyra,hard_coral
pocillopora_spp,2,pocillopora_spp,y,pocillopora,hard_coral
pocillopora_meandrina,2,pocillopora_meandrina,y,pocillopora,hard_coral
pocilloporidae,2,pocilloporidae,n,NA,hard_coral
porites_solida,2,porites_solida,y,porites,hard_coral
poritidae,2,poritidae,n,NA,hard_coral
psammocora_sp,2,psammocora_sp,y,psammocora,hard_coral
pseudosiderastrea_tayamai,2,pseudosiderastrea_tayamai,y,pseudosiderastrea,hard_coral
sarcophyton_stellatum,2,sarcophyton_stellatum,y,sarcophyton,soft_coral
seriatopora_sp,2,seriatopora_sp,y,seriatopora,hard_coral
sinularia_erecta,2,sclerophytum_erectum,y,sclerophytum,soft_coral
sinularia_facile,2,sclerophytum_facile,y,sclerophytum,soft_coral
sinularia_inelegans,2,sclerophytum_inelegans,y,sclerophytum,soft_coral
sinularia_spp,2,sinularia_spp,y,sinularia,soft_coral
sinularia_triangula,2,sclerophytum_triangulum,y,sclerophytum,soft_coral
stylophora_spp,2,stylophora_spp,y,stylophora,hard_coral
subergorgia_mollis,2,annella_mollis,y,annella,soft_coral
symphyllia_recta,2,lobophyllia_recta,y,lobophyllia,hard_coral
turbinaria_frondens,2,turbinaria_frondens,y,turbinaria,hard_coral
turbinaria_peltata,2,duncanopsammia_peltata,y,duncanopsammia,hard_coral
turbinaria_spp,2,turbinaria_spp,y,turbinaria,hard_coral
xenia_florida,2,xenia_danae,y,xenia,soft_coral
acanthastrea_hemprichii,1,acanthastrea_hemprichii,y,acanthastrea,hard_coral
acanthastrea_lordhowensis,1,micromussa_lordhowensis,y,micromussa,hard_coral
acanthastrea_sp,1,acanthastrea_sp,y,acanthastrea,hard_coral
acanthastrea_subechinata,1,acanthastrea_subechinata,y,acanthastrea,hard_coral
acanthogorgia_vegae_aurivillus,1,acanthogorgia_vegae,y,acanthogorgia,soft_coral
acropora_abrolhosensis,1,acropora_abrolhosensis,y,acropora,hard_coral
acropora_austera,1,acropora_austera,y,acropora,hard_coral
acropora_azurea,1,acropora_nana,y,acropora,hard_coral
acropora_brueggemanni,1,acropora_brueggemanni,y,acropora,hard_coral
acropora_clathrata,1,acropora_clathrata,y,acropora,hard_coral
acropora_cuneata,1,isopora_cuneata,y,isopora,hard_coral
acropora_divaricata,1,acropora_divaricata,y,acropora,hard_coral
acropora_donei,1,acropora_donei,y,acropora,hard_coral
acropora_granulosa,1,acropora_granulosa,y,acropora,hard_coral
acropora_gravida,1,acropora_florida,y,acropora,hard_coral
acropora_japonica,1,acropora_japonica,y,acropora,hard_coral
acropora_latifrons,1,acropora_sp,y,acropora,hard_coral
acropora_latistella,1,acropora_latistella,y,acropora,hard_coral
acropora_longicyathus,1,acropora_longicyathus,y,acropora,hard_coral
acropora_lutkeni,1,acropora_lutkeni,y,acropora,hard_coral
acropora_nobilis,1,acropora_robusta,y,acropora,hard_coral
acropora_palmata,1,acropora_palmata,y,acropora,hard_coral
acropora_papillare,1,acropora_papillare,y,acropora,hard_coral
acropora_prolifera,1,acropora_prolifera,y,acropora,hard_coral
acropora_subglabra,1,acropora_subglabra,y,acropora,hard_coral
acropora_subulata,1,acropora_subulata,y,acropora,hard_coral
acropora_subulate,1,acropora_subulata,y,acropora,hard_coral
acropora_togianensis,1,isopora_togianensis,y,isopora,hard_coral
acropora_togianesis,1,isopora_togianensis,y,isopora,hard_coral
acropora_verweyi,1,acropora_verweyi,y,acropora,hard_coral
acropora_yongei,1,acropora_yongei,y,acropora,hard_coral
alcyoniidae,1,alcyoniidae,n,NA,soft_coral
anacropora_matthai,1,anacropora_matthai,y,anacropora,hard_coral
anacropora_sp,1,anacropora_sp,y,anacropora,hard_coral
arulidae_sp,1,arulidae_sp,n,NA,soft_coral
astrea_sp,1,astrea_sp,y,astrea,hard_coral
astreopora_expansa,1,astreopora_expansa,y,astreopora,hard_coral
astreopora_listera,1,astreopora_listeri,y,astreopora,hard_coral
bebryce_indica,1,bebryce_indica,y,bebryce,soft_coral
bebryce_sp,1,bebryce_sp,y,bebryce,soft_coral
blastomussa_wellsi,1,blastomussa_wellsi,y,blastomussa,hard_coral
capnella_sp,1,capnella_sp,y,capnella,soft_coral
carijoa_sp,1,carijoa_sp,y,carijoa,soft_coral
caulastrea_furcata,1,caulastraea_furcata,y,caulastraea,hard_coral
cirripathes_sp,1,cirripathes_sp,y,cirripathes,soft_coral
cladiella_hartogi,1,cladiella_hartogi,y,cladiella,soft_coral
cladiella_latissima,1,cladiella_latissima,y,cladiella,soft_coral
cladiella_pachyclados,1,cladiella_pachyclados,y,cladiella,soft_coral
cladiella_tuberculosa,1,cladiella_tuberculosa,y,cladiella,soft_coral
clavularia_flava,1,clavularia_flava,y,clavularia,soft_coral
clavularia_violacea,1,briareum_violaceum,y,briareum,soft_coral
coelastrea_palauensis,1,coelastrea_palauensis,y,coelastrea,hard_coral
coelastrea_sp,1,coelastrea_sp,y,coelastrea,hard_coral
coeloseris_mayeri,1,coeloseris_mayeri,y,coeloseris,hard_coral
coleastrea_aspera,1,coleastrea_aspera,y,coleastrea,hard_coral
corallium_elatius,1,corallium_elatius,y,corallium,soft_coral
corallium_japonicum,1,corallium_japonicum,y,corallium,soft_coral
corallium_medea,1,corallium_medea,y,corallium,soft_coral
corallium_nix,1,corallium_nix,y,corallium,soft_coral
corallium_sp,1,corallium_sp,y,corallium,soft_coral
corallium_spp,1,corallium_spp,y,corallium,soft_coral
corallium_tortuosum,1,corallium_tortuosum,y,corallium,soft_coral
coscinaraea_monile,1,coscinaraea_monile,y,coscinaraea,hard_coral
coscinaraea_sp,1,coscinaraea_sp,y,coscinaraea,hard_coral
cycloseris_cyclolites,1,cycloseris_cyclolites,y,cycloseris,hard_coral
cycloseris_fragilis,1,cycloseris_fragilis,y,cycloseris,hard_coral
cyphastrea_japonica,1,cyphastrea_japonica,y,cyphastrea,hard_coral
cyphastrea_micropthalma,1,cyphastrea_microphthalma,y,cyphastrea,hard_coral
cyphastrea_oxyspina,1,cyphastrea_sp,y,cyphastrea,hard_coral
dendronephthya_aculeata,1,dendronephthya_aculeata,y,dendronephthya,soft_coral
dendronephthya_gigantea,1,dendronephthya_gigantea,y,dendronephthya,soft_coral
dendronephthya_griffini,1,dendronephthya_griffini,y,dendronephthya,soft_coral
dendronephthya_hemprichi,1,dendronephthya_hemprichi,y,dendronephthya,soft_coral
dendronephthya_kukenthali,1,dendronephthya_kukenthali,y,dendronephthya,soft_coral
dendronephthya_mirabilis,1,dendronephthya_mirabilis,y,dendronephthya,soft_coral
dendronephthya_sinaiensis,1,dendronephthya_sinaiensis,y,dendronephthya,soft_coral
dendrophyllia_sp,1,dendrophyllia_sp,y,dendrophyllia,soft_coral
digitogorgia_kiko,1,not_valid,n,NA,NA
dipsastraea_favus,1,dipsastraea_favus,y,dipsastraea,hard_coral
dipsastraea_maxima,1,astraeosmilia_maxima,y,astraeosmilia,hard_coral
dipsastraea_spp,1,dipsastraea_spp,y,dipsastraea,hard_coral
dipsastraea_stelligera,1,goniastrea_stelligera,y,goniastrea,hard_coral
echinogorgia_complexa,1,echinogorgia_complexa,y,echinogorgia,soft_coral
echinogorgia_fora,1,echinogorgia_sp,y,echinogorgia,soft_coral
echinogorgia_resepta,1,echinogorgia_sp,y,echinogorgia,soft_coral
echinogorgia_reticulata,1,echinogorgia_reticulata,y,echinogorgia,soft_coral
echinophyllia_echinoporoides,1,echinophyllia_echinoporoides,y,echinophyllia,hard_coral
echinophyllia_orientalis,1,echinophyllia_sp,y,echinophyllia,hard_coral
echinophyllia_oryzala,1,echinophyllia_sp,y,echinophyllia,hard_coral
echinophyllia_sp,1,echinophyllia_sp,y,echinophyllia,hard_coral
echinophyllia_tarae,1,echinophyllia_tarae,y,echinophyllia,hard_coral
echinopora_horrida,1,echinopora_horrida,y,echinopora,hard_coral
echinopora_mollis,1,echinopora_sp,y,echinopora,hard_coral
ellisella_maculata,1,ellisella_maculata,y,ellisella,soft_coral
erythropodium_caribaeorum,1,erythropodium_caribaeorum,y,erythropodium,soft_coral
euphyllia_cristata,1,euphyllia_cristata,y,euphyllia,hard_coral
euphyllia_paraencora,1,fimbriaphyllia_paraancora,y,fimbriaphyllia,hard_coral
euphyllia_paraglabrescens,1,euphyllia_paraglabrescens,y,euphyllia,hard_coral
euphyllia_spp,1,euphyllia_paraglabrescens,y,euphyllia,hard_coral
euplexaura_robusta,1,euplexaura_robusta,y,euplexaura,soft_coral
favia_complanata,1,favites_complanata,y,favites,hard_coral
favia_lizardensis,1,dipsastraea_lizardensis,y,dipsastraea,hard_coral
favia_maritima,1,dipsastraea_maritima,y,dipsastraea,hard_coral
favia_matthaii,1,dipsastraea_matthaii,y,dipsastraea,hard_coral
favia_pallida,1,dipsastraea_pallida,y,dipsastraea,hard_coral
faviid_spp,1,faviidae_spp,n,NA,hard_coral
favites_colemani,1,favites_colemani,y,favites,hard_coral
favites_russelli,1,paragoniastrea_russelli,y,paragoniastrea,hard_coral
favites_stylifera,1,favites_stylifera,y,favites,hard_coral
fungia_costulata,1,cycloseris_costulata,y,cycloseris,hard_coral
fungia_cyclolites,1,cycloseris_cyclolites,y,cycloseris,hard_coral
fungia_fragilis,1,cycloseris_fragilis,y,cycloseris,hard_coral
fungia_granulosa,1,pleuractis_granulosa,y,pleuractis,hard_coral
fungia_gravis,1,pleuractis_gravis,y,pleuractis,hard_coral
fungia_horrida,1,fungia_horrida,y,fungia,hard_coral
fungia_moluccensis,1,pleuractis_moluccensis,y,pleuractis,hard_coral
fungia_sinensis,1,cycloseris_sinensis,y,cycloseris,hard_coral
fungia_sp,1,fungia_sp,y,fungia,hard_coral
fungia_spp,1,fungia_spp,y,fungia,hard_coral
fungia_taiwanensis,1,pleuractis_taiwanensis,y,pleuractis,hard_coral
fungia_tenuis,1,cycloseris_tenuis,y,cycloseris,hard_coral
fungia_vaughani,1,cycloseris_vaughani,y,cycloseris,hard_coral
fungiacyathus_sp,1,fungiacyathus_sp,y,fungiacyathus,hard_coral
galaxaura_divaricata,1,galaxaura_divaricata,y,galaxaura,hard_coral
galaxea_astrea,1,galaxea_astrea,y,galaxea,hard_coral
galaxea_fascularis,1,galaxea_fascicularis,y,galaxea,hard_coral
galaxea_fasicularis,1,galaxea_fascicularis,y,galaxea,hard_coral
gardineroseris_planulata,1,gardineroseris_planulata,y,gardineroseris,hard_coral
goniastrea_australensis,1,goniastrea_australensis,y,goniastrea,hard_coral
goniastrea_minuta,1,goniastrea_minuta,y,goniastrea,hard_coral
goniastrea_palaunesis,1,coelastrea_palauensis,y,coelastrea,hard_coral
goniastrea_pectinata,1,goniastrea_pectinata,y,goniastrea,hard_coral
goniastrea_perea,1,paramontastraea_peresi,y,paramontastraea,hard_coral
goniastrea_stelligera,1,goniastrea_stelligera,y,goniastrea,hard_coral
goniopora_burgosi,1,goniopora_burgosi,y,goniopora,hard_coral
goniopora_columns,1,goniopora_columna,y,goniopora,hard_coral
goniopora_favulus,1,goniastrea_favulus,y,goniastrea,hard_coral
goniopora_lobata,1,goniopora_lobata,y,goniopora,hard_coral
goniopora_spp,1,goniopora_spp,y,goniopora,hard_coral
goniopora_stokesi,1,goniopora_stokesi,y,goniopora,hard_coral
hemicorallium_abyssale,1,hemicorallium_abyssale,y,hemicorallium,soft_coral
hemicorallium_bathyrubrum,1,hemicorallium_bathyrubrum,y,hemicorallium,soft_coral
hemicorallium_ducale,1,hemicorallium_ducale,y,hemicorallium,soft_coral
hemicorallium_halmaheirense,1,hemicorallium_halmaheirense,y,hemicorallium,soft_coral
hemicorallium_imperiale,1,hemicorallium_imperiale,y,hemicorallium,soft_coral
hemicorallium_laauense,1,hemicorallium_laauense,y,hemicorallium,soft_coral
hemicorallium_niobe,1,hemicorallium_niobe,y,hemicorallium,soft_coral
hemicorallium_regale,1,hemicorallium_regale,y,hemicorallium,soft_coral
hemicorallium_reginae,1,hemicorallium_reginae,y,hemicorallium,soft_coral
hemicorallium_spp,1,hemicorallium_spp,y,hemicorallium,soft_coral
hemicorallium_taiwanicum,1,hemicorallium_taiwanicum,y,hemicorallium,soft_coral
hemicorallium_variabile,1,hemicorallium_variabile,y,hemicorallium,soft_coral
herpolitha_limax,1,herpolitha_limax,y,herpolitha,hard_coral
herpolitha_sp,1,herpolitha_sp,y,herpolitha,hard_coral
heteroxenia_pinnata,1,heteroxenia_pinnata,y,heteroxenia,soft_coral
hicksonella_princeps,1,hicksonella_princeps,y,hicksonella,soft_coral
hydnophora_microconos,1,hydnophora_microconos,y,hydnophora,hard_coral
isopora_cuneata,1,isopora_cuneata,y,isopora,hard_coral
junceella_gemmacea,1,dichotella_gemmacea,y,dichotella,soft_coral
lemnalia_fiava,1,lemnalia_fiava,y,lemnalia,soft_coral
leptastrea_pruinosa,1,leptastrea_purpurea,y,leptastrea,hard_coral
leptogorgia_chilensis,1,leptogorgia_chilensis,y,leptogorgia,soft_coral
leptoseris_yabei,1,leptoseris_yabei,y,leptoseris,hard_coral
lithophyllon_pruinosa,1,lithophyllon_sp,y,lithophyllon,hard_coral
litophyton_sp,1,litophyton_sp,y,litophyton,soft_coral
lobophyllia_sp,1,lobophyllia_sp,y,lobophyllia,hard_coral
lobophytum_borchersii,1,lobophytum_borbonicum,y,lobophytum,soft_coral
lobophytum_dussumierii,1,lobophytum_densum,y,lobophytum,soft_coral
lobophytum_hirsutum,1,lobophytum_hirsutum,y,lobophytum,soft_coral
lobophytum_microspiculatum,1,lobophytum_microspiculatum,y,lobophytum,soft_coral
lobophytum_mirabile,1,lobophytum_mirabile,y,lobophytum,soft_coral
lobophytum_rigidum,1,lobophytum_rigidum,y,lobophytum,soft_coral
lobophytum_solidum,1,lobophytum_solidum,y,lobophytum,soft_coral
madracis_decactis,1,madracis_decactis,y,madracis,hard_coral
madracis_formosa,1,madracis_formosa,y,madracis,hard_coral
madracis_mirabilis,1,madracis_myriaster,y,madracis,hard_coral
madracis_pharensis,1,madracis_pharensis,y,madracis,hard_coral
madracis_senaria,1,madracis_senaria,y,madracis,hard_coral
madrepora_oculata,1,madrepora_oculata,y,madrepora,hard_coral
madrepore_oculata,1,madrepora_oculata,y,madrepora,hard_coral
merulina_sp,1,merulina_sp,y,merulina,hard_coral
merulinidae_spp,1,merulinidae_spp,n,NA,hard_coral
montastraea_annularis,1,orbicella_annularis,y,orbicella,hard_coral
montastraea_curta,1,astrea_curta,y,astrea,hard_coral
montastraea_curtis,1,astrea_curta,y,astrea,hard_coral
montastraea_favosa,1,orbicella_faveolata,y,orbicella,hard_coral
montastraea_sp,1,montastraea_sp,y,montastraea,hard_coral
montastrea_faveolata,1,orbicella_faveolata,y,orbicella,hard_coral
montastrea_franksi,1,orbicella_franksi,y,orbicella,hard_coral
montastrea_sp,1,montastrea_sp,y,montastrea,hard_coral
montipora_spp,1,montipora_spp,y,montipora,hard_coral
montipora_angulata,1,montipora_angulata,y,montipora,hard_coral
montipora_danae,1,montipora_danae,y,montipora,hard_coral
montipora_digitifera,1,montipora_sp,y,montipora,hard_coral
montipora_foliosa,1,montipora_foliosa,y,montipora,hard_coral
montipora_hoffmeisteri,1,montipora_hoffmeisteri,y,montipora,hard_coral
montipora_incrassata,1,montipora_incrassata,y,montipora,hard_coral
montipora_molis,1,montipora_molis,y,montipora,hard_coral
montipora_monasteriata,1,montipora_monasteriata,y,montipora,hard_coral
montipora_taiwanensis,1,montipora_taiwanensis,y,montipora,hard_coral
montipora_tuberculosa,1,montipora_tuberculosa,y,montipora,hard_coral
montipora_turgescens,1,montipora_turgescens,y,montipora,hard_coral
montipora_venosa,1,montipora_venosa,y,montipora,hard_coral
mopsella_aurantia,1,melithaea_aurantia,y,melithaea,soft_coral
muricella_grandis,1,keroeides_gracilis,y,keroeides,soft_coral
mycedium_mancaoi,1,mycedium_mancaoi,y,mycedium,hard_coral
mycedium_robinsoni,1,mycedium_sp,y,mycedium,hard_coral
mycedium_robokaki,1,mycedium_robokaki,y,mycedium,hard_coral
nephthea_armata,1,stereonephthya_armata,y,stereonephthya,soft_coral
nephthea_pacifica,1,litophyton_pacificum,y,litophyton,soft_coral
nephthea_sp,1,litophyton_sp,y,litophyton,soft_coral
nephthyigorgia_sp,1,nephthyigorgia_sp,y,nephthyigorgia,soft_coral
oulastrea_lacera,1,oulastrea_lacera,y,oulastrea,hard_coral
oulophyllia_sp,1,oulophyllia_sp,y,oulophyllia,hard_coral
oxypora_glabra,1,echinophyllia_glabra,y,echinophyllia,hard_coral
pachyseris_rugosa,1,pachyseris_rugosa,y,pachyseris,hard_coral
paracorallium_sp,1,corallium_sp,y,corallium,soft_coral
paragoniastrea_variabilis,1,paragoniastrea_variabilis,y,paragoniastrea,hard_coral
paraminabea_alba,1,not_valid,n,NA,NA
paraplexaura_sp,1,paraplexaura_sp,y,paraplexaura,soft_coral
paulastrea_sp,1,not_valid,n,NA,NA
pavona_maldivensis,1,pavona_maldivensis,y,pavona,hard_coral
pavona_verrucosa,1,not_valid,n,NA,NA
pectinia_lactuca,1,pectinia_lactuca,y,pectinia,hard_coral
pectinia_paeonia,1,pectinia_paeonia,y,pectinia,hard_coral
pectinia_sp,1,pectinia_sp,y,pectinia,hard_coral
phymastrea_sp,1,favites_spp,y,favites,hard_coral
physogyra_lichtensteini,1,physogyra_lichtensteini,y,physogyra,hard_coral
platygyra_carnosa,1,platygyra_carnosa,y,platygyra,hard_coral
platygyra_lamellina,1,platygyra_lamellina,y,platygyra,hard_coral
platygyra_spp,1,platygyra_spp,y,platygyra,hard_coral
platygyra_verrucosa,1,not_valid,n,NA,NA
plesiastrea_sp,1,plesiastrea_sp,y,plesiastrea,hard_coral
pleurocorallium_borneense,1,pleurocorallium_borneense,y,pleurocorallium,soft_coral
pleurocorallium_carusrubrum,1,pleurocorallium_carusrubrum,y,pleurocorallium,soft_coral
pleurocorallium_gotoense,1,pleurocorallium_gotoense,y,pleurocorallium,soft_coral
pleurocorallium_inutile,1,pleurocorallium_inutile,y,pleurocorallium,soft_coral
pleurocorallium_johnsoni,1,pleurocorallium_johnsoni,y,pleurocorallium,soft_coral
pleurocorallium_kishinouyei,1,pleurocorallium_kishinouyei,y,pleurocorallium,soft_coral
pleurocorallium_konojoi,1,pleurocorallium_konojoi,y,pleurocorallium,soft_coral
pleurocorallium_niveum,1,pleurocorallium_niveum,y,pleurocorallium,soft_coral
pleurocorallium_porcellanum,1,pleurocorallium_porcellanum,y,pleurocorallium,soft_coral
pleurocorallium_secundum,1,pleurocorallium_secundum,y,pleurocorallium,soft_coral
pleurocorallium_spp,1,pleurocorallium_spp,y,pleurocorallium,soft_coral
pleurocorallium_thrinax,1,pleurocorallium_thrinax,y,pleurocorallium,soft_coral
pleurocorallium_uchidai,1,pleurocorallium_uchidai,y,pleurocorallium,soft_coral
pocillopora_damcornis,1,pocillopora_damicornis,y,pocillopora,hard_coral
polycanthus_chaishanensis,1,polycyathus_chaishanensis,y,polycyathus,hard_coral
polycyathus_sp,1,polycyathus_sp,y,polycyathus,hard_coral
polyphyllia_talpina,1,polyphyllia_talpina,y,polyphyllia,hard_coral
porites_compressa,1,porites_compressa,y,porites,hard_coral
porites_murrayensis,1,porites_murrayensis,y,porites,hard_coral
porites_okinawensis,1,porites_okinawensis,y,porites,hard_coral
porites_rus,1,porites_rus,y,porites,hard_coral
psammocora_albopicta,1,psammocora_albopicta,y,psammocora,hard_coral
psammocora_columna,1,psammocora_columna,y,psammocora,hard_coral
psammocora_digita,1,psammocora_digitata,y,psammocora,hard_coral
psammocora_digitata,1,psammocora_digitata,y,psammocora,hard_coral
psammocora_nierstraszi,1,psammocora_nierstraszi,y,psammocora,hard_coral
psammocora_profundacella,1,psammocora_profundacella,y,psammocora,hard_coral
psammocora_stellata,1,psammocora_stellata,y,psammocora,hard_coral
psammocora_vaughani,1,psammocora_nierstraszi,y,psammocora,hard_coral
pseudopterogorgia_americana,1,antillogorgia_americana,y,antillogorgia,soft_coral
pseudosiderastrea_tayami,1,pseudosiderastrea_tayamai,y,pseudosiderastrea,hard_coral
rumphella_antipaths,1,rumphella_antipathies,y,rumphella,soft_coral
sarcophyton_auritum,1,sarcophyton_auritum,y,sarcophyton,soft_coral
sarcophyton_chinensis,1,not_valid,n,NA,NA
sarcophyton_digitatum,1,sarcophyton_digitatum,y,sarcophyton,soft_coral
sarcophyton_elegans,1,sarcophyton_elegans,y,sarcophyton,soft_coral
sarcophyton_flexibilis,1,sarcophyton_flexibilis,y,sarcophyton,soft_coral
sarcophyton_glochidum,1,sarcophyton_glaucum,y,sarcophyton,soft_coral
sarcophyton_manaarensis,1,not_valid,n,NA,NA
sarcophyton_nanwanensis,1,sarcophyton_nanwanensis,y,sarcophyton,soft_coral
nephtheidae_sp,1,nephtheidae_sp,n,NA,soft_coral
sarcophyton_stolidotum,1,sarcophyton_stolidotum,y,sarcophyton,soft_coral
sarcophyton_tenuispiculatum,1,sarcophyton_tenuispiculatum,y,sarcophyton,soft_coral
scapophyllia_cylindrica,1,merulina_cylindrica,y,merulina,hard_coral
scapophyllia_sp,1,scapophyllia_sp,y,scapophyllia,hard_coral
scleronephthya_flexilis,1,scleronephthya_flexilis,y,scleronephthya,soft_coral
sclerophytum_penghuense,1,sclerophytum_penghuense,y,sclerophytum,soft_coral
siderastrea_savignyana,1,siderastrea_savignyana,y,siderastrea,hard_coral
sinularia_compressa,1,sclerophytum_polydactylum,y,sclerophytum,soft_coral
sinularia_daii,1,sclerophytum_daii,y,sclerophytum,soft_coral
sinularia_depressan,1,sclerophytum_depressum,y,sclerophytum,soft_coral
sinularia_discrepans,1,sclerophytum_discrepans,y,sclerophytum,soft_coral
sinularia_inflate,1,sclerophytum_inflatum,y,sclerophytum,soft_coral
sinularia_leptoclado,1,sclerophytum_leptoclados,y,sclerophytum,soft_coral
sinularia_mollis,1,sclerophytum_molle,y,sclerophytum,soft_coral
sinularia_parva,1,sclerophytum_parvum,y,sclerophytum,soft_coral
sinularia_penghuensis,1,sclerophytum_penghuense,y,sclerophytum,soft_coral
sinularia_polydactyla,1,sclerophytum_polydactylum,y,sclerophytum,soft_coral
sinularia_slieringsi,1,sclerophytum_slieringsi,y,sclerophytum,soft_coral
sinularia_soongi,1,sclerophytum_soongi,y,sclerophytum,soft_coral
sinularia_triangular,1,sclerophytum_triangulum,y,sclerophytum,soft_coral
sinularia_wanannensis,1,sclerophytum_wanannense,y,sclerophytum,soft_coral
solenocaulon_chinense,1,solenocaulon_chinense,y,solenocaulon,soft_coral
stereonephthya_crystalliana,1,not_valid,n,NA,NA
stereonephthya_sp,1,stereonephthya_sp,y,stereonephthya,soft_coral
stylocoeniella_armata,1,stylocoeniella_armata,y,stylocoeniella,hard_coral
stylocoeniella_sp,1,stylocoeniella_sp,y,stylocoeniella,hard_coral
stylophora_mordax,1,stylophora_pistillata,y,stylophora,hard_coral
subergorgia_rubra,1,subergorgia_rubra,y,subergorgia,soft_coral
symphyllia_agaricia,1,lobophyllia_agaricia,y,lobophyllia,hard_coral
symphyllia_sp,1,lobophyllia_spp,y,lobophyllia,hard_coral
sympodium_caespitosum,1,sympodium_caeruleum,y,sympodium,soft_coral
sympodium_sp,1,sympodium_sp,y,sympodium,soft_coral
tubastrea_aurea,1,tubastraea_aurea,y,tubastraea,hard_coral
tubastrea_sp,1,tubastraea_sp,y,tubastraea,hard_coral
tubipora_musica,1,tubipora_musica,y,tubipora,soft_coral
turbinaria_mesenterina,1,turbinaria_mesenterina,y,turbinaria,hard_coral
turbinaria_mesenteria,1,turbinaria_mesenterina,y,turbinaria,hard_coral
turbinaria_reniformis,1,turbinaria_reniformis,y,turbinaria,hard_coral
umbellulifera_petasites,1,umbellulifera_petasites,y,umbellulifera,soft_coral
unomia_complanata,1,unomia_complanatis,y,unomia,soft_coral
virgularia_juncea,1,virgularia_juncea,y,virgularia,soft_coral
xenia_blumi,1,xenia_blumi,y,xenia,soft_coral
xenia_elongata,1,xenia_elongata,y,xenia,soft_coral
xenia_lillieae,1,xenia_lillieae,y,xenia,soft_coral
xenia_pinnata,1,not_valid,n,NA,NA
xenia_puerto_galerae,1,xenia_puertogalerae,y,xenia,soft_coral
xenia_puertogalerae,1,xenia_puertogalerae,y,xenia,soft_coral
verrucella_umbraculum,1,not_valid,n,NA,NA
renilla_reniformis,1,renilla_reniformis,,renilla,soft_coral
